"""    never felt more sad than i am now  @user aww why ?  @user @user its a long story ! sure you wanna know it ? bahaha and thanks for caring btw &lt;heart&gt; ""","""    @user i know , i 'm just so happy for you ! ! ! ! ! ! ! ! ! ! ! ! ! ! ! ! ! ! ! ! ! ! ! ! ! ! ! ! ! ! ! ! ! ! ! ! ! ! ! ! ! ! ! ! ! ! ! ! ! ! ! ! ! ! ! ! ! ! ! ! ! ! ! ! ! ! ! ! ! ! ! ! ! ! ! ! ! ! ! ! ! ! ! ! ! ! ! ! ""","""   @user i don 't mind to hear it i 've got all day and youre welcome & lt <number> """,1.6521739130434783
"""    dear children ac dc , aerosmith and van halen were popular before guitar hero . please go away . love , ruffus .  @user guitar hero kinda ruined the classic rock metal thing for me . \ i was raised on stuff like that . ""","""    @user on the plus side, at least most of the kids know what im talking about. before the game, most of them had never even heard of these bands! ""","""   @user @user meh , i don 't let stuff ruin things for me . eloquent maybe it 's relevant that i have <number> gh games . & gt _ & gt """,4.5652173913043477
"""    you know , the coalition forced an election and the canadian public isn 't playing or watching . they 're already decided . cdnpoli elxn41 nhl  @user this is what worries me . voting is a right , but we have to act on it in a responsible manner ie . make an informed vote ! ! ! ""","""    @user grrrr ! * hint * i will try to get to the post office tomorrow . ""","""   @user the voters will be very informed , and very fed up with the shenanigans in ottawa . cdnpoli """,1.7826086956521738
"""    hanging out in the library for the past couple hours makes me feel like i 'll do great on this test !  @user wow , what a nerd lol jk haha p what ! ? you changed your bio  @user do you like my bio now ? i feel bad for changing it but i like change . p ""","""    @user what ? d ""","""   @user yes i do it definitely sums up who you are lisa . yay ! you still got me """,2.8260869565217392
"""    dear children ac dc , aerosmith and van halen were popular before guitar hero . please go away . love , ruffus .  @user guitar hero kinda ruined the classic rock metal thing for me . \ i was raised on stuff like that . ""","""    @user i 'm not sure . i 'm just saying . i 'm not sure if i 'm going to be able to watch it . ""","""   @user @user meh , i don 't let stuff ruin things for me . eloquent maybe it 's relevant that i have <number> gh games . & gt _ & gt """,1.6086956521739131
"""    dear hot water heater , forcing me to take a cold shower is only making me want to take you out back for target practice . that is all . fb  @user that sucks ! ""","""    @user thank you for clearing up the situation . i was a bit worried about him i 'm glad he is fine x ""","""   @user it sure does . on the other hand , makes the showers quick . """,1.2173913043478262
"""    my headphones are broke ! n i 'm damn near tears . does anybody know if the sell skull candy 's downtown ?  @user radioshack sells them so maybe they got them there ""","""    @user phew. k. ill go over after class. keep your fingers crossed!!! ""","""   @user yeah i need to go to the mall . i need a new jacket ! """,4.4347826086956523
"""    why oh why do i want to do a musical for script frenzy ? why do i want to torture myself so ?  @user a musical ? ? ? spectacular ! will you be composing the music as well ? ""","""    @user yup. apparently one of the higher ups thought i was the best person for the job... ""","""   @user yes i will be . and since i totally suck at writing music , this will be quite the undertaking for me . """,4.4347826086956523
"""    never felt more sad than i am now  @user aww why ?  @user @user its a long story ! sure you wanna know it ? bahaha and thanks for caring btw &lt;heart&gt; ""","""    @user ive got nothing going on. give me a call if you want to chat/grab a coffee. stay strong! ""","""   @user i don 't mind to hear it i 've got all day and youre welcome & lt <number> """,4.6086956521739131
"""    @user are you getting a @user t - shirt ? xx  @user yes i am you ? x  @user nicee , yeah i think so d xx  @user ahh thats cool , what colour ? ""","""    @user i can't decide! blue or green.... which are you getting? ""","""   @user not sure yet , and you ? x """,5.0
"""    my girlfriend 's dad grills like a boss grillmaster  @user one time , brad and my dad decided to make a huge fire while grilling . just ask @user ""","""    @user high prices , no selection service quality , why would people shop local ? responsibility rests on business too ! @user ""","""   @user don 't know if i believe it . this guy knows what he 's doing . """,1.2608695652173914
"""    dearest ! question . how many thousands of people can panaad occupy ?  @user panaad has &lt;number&gt; k seat capacity while rizal has &lt;number&gt; k thats why they choose rizal i think . ""","""    &lt;third_speaker&gt; @user @user media &lt;number&gt; and back benches were both great shows too . although m7 could have been a bit more charismatic imo ""","""   now i know about the siting capacity . thanks for the info @user great evening . """,2.347826086956522
"""    hope i didnt have any work to do over the break cuz i didnt pack anything that relates to school ! !  man @user hates school but is in college lol ""","""    @user are you coming to azukars for my batchlorette party ! the guestlist is free . ""","""   @user lol . im tryna make a living ! ! ! """,2.5652173913043477
"""    have you ever met mariah in person or dreamed that you did ? ? lym ! ! ! mariahmoments @user lambily  @user i dreamt that i met @user on a mall and she invited me to her concert and gave me a hug lol . ""","""    &lt;third_speaker&gt; @user @user i love all my fans lol everyone ""","""   @user @user aaaww , that 's so sweet ! i 've had more dreams than i can count about meeting her - in v . i . p , at parties chatting away """,3.347826086956522
"""    my girlfriend 's dad grills like a boss grillmaster  @user one time , brad and my dad decided to make a huge fire while grilling . just ask @user ""","""    @user lololol . i agree . or maybe you 're not a real man because you 're not muscley ? **unknown** ""","""   @user don 't know if i believe it . this guy knows what he 's doing . """,1.8695652173913044
"""    you know , the coalition forced an election and the canadian public isn 't playing or watching . they 're already decided . cdnpoli elxn41 nhl  @user this is what worries me . voting is a right , but we have to act on it in a responsible manner ie . make an informed vote ! ! ! ""","""    @user agree. it pisses me off that there are so many single issue voters! they pay attention for 5 minutes and then tune out everything else... ""","""   @user the voters will be very informed , and very fed up with the shenanigans in ottawa . cdnpoli """,4.7826086956521738
"""    you know , the coalition forced an election and the canadian public isn 't playing or watching . they 're already decided . cdnpoli elxn41 nhl  @user this is what worries me . voting is a right , but we have to act on it in a responsible manner ie . make an informed vote ! ! ! ""","""    @user i 'm not sure if it 's a &lt;unk&gt; or &lt;unk&gt; . but i 'm sure it 's not a &lt;unk&gt; . ""","""   @user the voters will be very informed , and very fed up with the shenanigans in ottawa . cdnpoli """,2.347826086956522
"""    dear children ac dc , aerosmith and van halen were popular before guitar hero . please go away . love , ruffus .  @user guitar hero kinda ruined the classic rock metal thing for me . \ i was raised on stuff like that . ""","""    @user i never seen it ! i hope it is . ""","""   @user @user meh , i don 't let stuff ruin things for me . eloquent maybe it 's relevant that i have <number> gh games . & gt _ & gt """,1.5652173913043479
"""    ice cream will always be my true first love  @user mint chocolate chip ? ""","""    @user i live in winter springs . &lt;number&gt; mins from work ""","""   @user haha it doesn 't even matter any kind honestly """,1.0869565217391304
"""    sooo , hollister is becoming the new aeropostale incase u didn 't know . thank me later  @user yea , i noticed that lol i dont like either brands that much ""","""    @user nahhh . hood was bumpin his cd heavy when it dropped . but it did have a few songs on there for the jawns tho lol ""","""   @user this dude is braggin on how he be rockin hollister . uhhmm ok u like <number> yrs late lol """,1.3478260869565217
"""    have you ever met mariah in person or dreamed that you did ? ? lym ! ! ! mariahmoments @user lambily  @user i dreamt that i met @user on a mall and she invited me to her concert and gave me a hug lol . ""","""    @user the real mumu ya pu hahahaha ""","""   @user @user aaaww , that 's so sweet ! i 've had more dreams than i can count about meeting her - in v . i . p , at parties chatting away """,1.9565217391304348
"""    hanging out in the library for the past couple hours makes me feel like i 'll do great on this test !  @user wow , what a nerd lol jk haha p what ! ? you changed your bio  @user do you like my bio now ? i feel bad for changing it but i like change . p ""","""    @user i love it! don't feel bad for changing it. it was getting old anyways ""","""   @user yes i do it definitely sums up who you are lisa . yay ! you still got me """,4.9130434782608692
"""    @user it has reminded me i have yet to own any merchandise . i may get a mug .  @user a mug would be amazing . or a tea towel . something cheap and tacky . ""","""    @user we 're a niche market but very loyal to our fat pants . ""","""   @user what about the fridge lol . """,2.5652173913043477
"""    haven 't used my ipod touch in so long i cant even remember my password  @user at least your ipod works ! ! ! ! ! did u watch bigtimebeachparty ""","""    @user he 's in the basement lol ""","""   @user good point , but at least yours didn 't fall down the toilet then smashed the screen ! ! ahaa , yeah , twice ! """,1.4347826086956521
"""    @user thanks , u really my best friend on twitter  @user sent you a dm , ok ?  @user u sent my dm ? sent what ? ""","""    @user i 'm fine p . whats your name ? ""","""   @user it 's nothing weird , just wanted to let you know something in your dm 's . ok ? """,1.7826086956521738
"""    @user it has reminded me i have yet to own any merchandise . i may get a mug .  @user a mug would be amazing . or a tea towel . something cheap and tacky . ""","""    @user i 'm not sure if i 'm going to be able to get it . ""","""   @user what about the fridge lol . """,4.1304347826086953
"""    my girlfriend 's dad grills like a boss grillmaster  @user one time , brad and my dad decided to make a huge fire while grilling . just ask @user ""","""    @user what do you mean fire... like... how huge is huge, and where did you make the fire? this sounds like a bad idea. ""","""   @user don 't know if i believe it . this guy knows what he 's doing . """,4.8695652173913047
"""    ice cream will always be my true first love  @user mint chocolate chip ? ""","""    @user always. i will never stray. ""","""   @user haha it doesn 't even matter any kind honestly """,4.4782608695652177
"""    @user thanks , u really my best friend on twitter  @user sent you a dm , ok ?  @user u sent my dm ? sent what ? ""","""    @user not with bautista - jb possible future concern that he 's wasting best years on a team going backwards in some respects ""","""   @user it 's nothing weird , just wanted to let you know something in your dm 's . ok ? """,1.3043478260869565
"""    ice cream will always be my true first love  @user mint chocolate chip ? ""","""    @user i know the feeling , it 's well annoyin o x ""","""   @user haha it doesn 't even matter any kind honestly """,1.6521739130434783
"""    have you ever met mariah in person or dreamed that you did ? ? lym ! ! ! mariahmoments @user lambily  @user i dreamt that i met @user on a mall and she invited me to her concert and gave me a hug lol . ""","""    @user hahaha! that's cute. I've been dreaming of mariah for the last two weeks and i cant figure out why. I think my brain is trying to tell me something. ""","""   @user @user aaaww , that 's so sweet ! i 've had more dreams than i can count about meeting her - in v . i . p , at parties chatting away """,4.7826086956521738
"""    my girlfriend 's dad grills like a boss grillmaster  @user one time , brad and my dad decided to make a huge fire while grilling . just ask @user ""","""    @user @user i 'm not sure if i 'm going to be able to get a &lt;unk&gt; . ""","""   @user don 't know if i believe it . this guy knows what he 's doing . """,1.8695652173913044
"""    hanging out in the library for the past couple hours makes me feel like i 'll do great on this test !  @user wow , what a nerd lol jk haha p what ! ? you changed your bio  @user do you like my bio now ? i feel bad for changing it but i like change . p ""","""    @user i , myself , have started to get back in touch with my drawing . ""","""   @user yes i do it definitely sums up who you are lisa . yay ! you still got me """,2.1739130434782608
"""    dearest ! question . how many thousands of people can panaad occupy ?  @user panaad has &lt;number&gt; k seat capacity while rizal has &lt;number&gt; k thats why they choose rizal i think . ""","""    @user i 'm sure you 'll find a good one . ""","""   now i know about the siting capacity . thanks for the info @user great evening . """,2.3043478260869565
"""    @user are you getting a @user t - shirt ? xx  @user yes i am you ? x  @user nicee , yeah i think so d xx  @user ahh thats cool , what colour ? ""","""    @user rear circle i think , row q , wbu ? xx ""","""   @user not sure yet , and you ? x """,1.1304347826086956
"""    hanging out in the library for the past couple hours makes me feel like i 'll do great on this test !  @user wow , what a nerd lol jk haha p what ! ? you changed your bio  @user do you like my bio now ? i feel bad for changing it but i like change . p ""","""    @user i once saw jade goodys mum in a greasy spoon in bermondsey , but i wasnt star - struck ""","""   @user yes i do it definitely sums up who you are lisa . yay ! you still got me """,1.173913043478261
"""    hanging out in the library for the past couple hours makes me feel like i 'll do great on this test !  @user wow , what a nerd lol jk haha p what ! ? you changed your bio  @user do you like my bio now ? i feel bad for changing it but i like change . p ""","""    @user i 'm not sure i 'm just a &lt;unk&gt; person . i 'm just a little confused . ""","""   @user yes i do it definitely sums up who you are lisa . yay ! you still got me """,2.5217391304347827
"""    my big sis is in the clear after horrendous year of chemo and radio . itdoesntgetmuchbetterthanthis !  @user so pleased for you and her . have a great time at pqotd ! ""","""    @user thank you ! ! ! ! ! ! ! ! ! ! ! ! ! ! ! ! ! ! ! ! ! ! ! ! ! ! ! ! ! ! ! ! ! ! ! ! ! ! ! ! ! ! ! ! ! ! ! ! ! ! ! ! ! ! ! ! ! ! ! ! ! ! ! ! ! ! ! ! ! ! ! ! ! ! ! ! ! ! ! ! ! ! ! ! ! ! ! ! ! ! ! ! ! ! ! ! ""","""   @user thank you gandalf . hope you are feeling lively and bouncy again """,4.4782608695652177
"""    @user are you getting a @user t - shirt ? xx  @user yes i am you ? x  @user nicee , yeah i think so d xx  @user ahh thats cool , what colour ? ""","""    @user lucky much xxx ""","""   @user not sure yet , and you ? x """,1.5217391304347827
"""    never felt more sad than i am now  @user aww why ?  @user @user its a long story ! sure you wanna know it ? bahaha and thanks for caring btw &lt;heart&gt; ""","""    @user its soo tempting to go buy your album on itunes but its worth the wait for the signed hard copy congrats on the big day ! ""","""   @user i don 't mind to hear it i 've got all day and youre welcome & lt <number> """,1.2173913043478262
"""    dear children ac dc , aerosmith and van halen were popular before guitar hero . please go away . love , ruffus .  @user guitar hero kinda ruined the classic rock metal thing for me . \ i was raised on stuff like that . ""","""    @user he was law minister in the morarji desai **unknown** , he moved bills for repeal of all the obnoxious constit &lt;heart&gt; &lt;cont&gt; &lt;url&gt; ""","""   @user @user meh , i don 't let stuff ruin things for me . eloquent maybe it 's relevant that i have <number> gh games . & gt _ & gt """,1.1304347826086956
"""    @user do we have italian tomorrow ?  @user i do . who do you have for italian ? ""","""    @user you can click on the english sign . ""","""   @user arent you in my class anymore ? """,1.4347826086956521
"""    @user are you getting a @user t - shirt ? xx  @user yes i am you ? x  @user nicee , yeah i think so d xx  @user ahh thats cool , what colour ? ""","""    @user yes , sure did . jdwright56 @user . com . au is the email . ""","""   @user not sure yet , and you ? x """,1.1304347826086956
"""    my headphones are broke ! n i 'm damn near tears . does anybody know if the sell skull candy 's downtown ?  @user radioshack sells them so maybe they got them there ""","""    @user bulls vs pacers ""","""   @user yeah i need to go to the mall . i need a new jacket ! """,1.1304347826086956
"""    @user thanks , u really my best friend on twitter  @user sent you a dm , ok ?  @user u sent my dm ? sent what ? ""","""    @user be on it in a bit . ""","""   @user it 's nothing weird , just wanted to let you know something in your dm 's . ok ? """,3.2608695652173911
"""    @user it has reminded me i have yet to own any merchandise . i may get a mug .  @user a mug would be amazing . or a tea towel . something cheap and tacky . ""","""    @user compared to revision _ party , that can only be a quantum of solace . see you next year ! d ""","""   @user what about the fridge lol . """,1.4782608695652173
"""    haven 't used my ipod touch in so long i cant even remember my password  @user at least your ipod works ! ! ! ! ! did u watch bigtimebeachparty ""","""    @user wht happened to it ? ""","""   @user good point , but at least yours didn 't fall down the toilet then smashed the screen ! ! ahaa , yeah , twice ! """,3.5652173913043477
"""    my big sis is in the clear after horrendous year of chemo and radio . itdoesntgetmuchbetterthanthis !  @user so pleased for you and her . have a great time at pqotd ! ""","""    @user thank you!! its such a huge relief :) ""","""   @user thank you gandalf . hope you are feeling lively and bouncy again """,4.8695652173913047
"""    dear hot water heater , forcing me to take a cold shower is only making me want to take you out back for target practice . that is all . fb  @user that sucks ! ""","""    @user yup. i've told my landlord twice about this but he apparently doesn't care. ""","""   @user it sure does . on the other hand , makes the showers quick . """,4.8260869565217392
"""    hope i didnt have any work to do over the break cuz i didnt pack anything that relates to school ! !  man @user hates school but is in college lol ""","""    @user i havent been to jamba juice in like &lt;number&gt; days ""","""   @user lol . im tryna make a living ! ! ! """,1.7826086956521738
"""    @user do we have italian tomorrow ?  @user i do . who do you have for italian ? ""","""    @user @user is it you or grace who is taking the coffee ""","""   @user arent you in my class anymore ? """,1.2173913043478262
"""    you know , the coalition forced an election and the canadian public isn 't playing or watching . they 're already decided . cdnpoli elxn41 nhl  @user this is what worries me . voting is a right , but we have to act on it in a responsible manner ie . make an informed vote ! ! ! ""","""    &lt;third_speaker&gt; @user high prices , no selection service quality , why would people shop local ? responsibility rests on business too ! @user ""","""   @user the voters will be very informed , and very fed up with the shenanigans in ottawa . cdnpoli """,1.4347826086956521
"""    you know , the coalition forced an election and the canadian public isn 't playing or watching . they 're already decided . cdnpoli elxn41 nhl  @user this is what worries me . voting is a right , but we have to act on it in a responsible manner ie . make an informed vote ! ! ! ""","""    @user yes it 's ends &lt;number&gt; th march . on friday . gonna vote . ""","""   @user the voters will be very informed , and very fed up with the shenanigans in ottawa . cdnpoli """,4.1304347826086953
"""    dearest ! question . how many thousands of people can panaad occupy ?  @user panaad has &lt;number&gt; k seat capacity while rizal has &lt;number&gt; k thats why they choose rizal i think . ""","""    @user makes sense. thanks! ""","""   now i know about the siting capacity . thanks for the info @user great evening . """,4.6086956521739131
"""    dearest ! question . how many thousands of people can panaad occupy ?  @user panaad has &lt;number&gt; k seat capacity while rizal has &lt;number&gt; k thats why they choose rizal i think . ""","""    @user you also have no **unknown** ""","""   now i know about the siting capacity . thanks for the info @user great evening . """,2.3913043478260869
"""    @user it has reminded me i have yet to own any merchandise . i may get a mug .  @user a mug would be amazing . or a tea towel . something cheap and tacky . ""","""    @user I was maybe thinking keychain... :p ""","""   @user what about the fridge lol . """,4.8695652173913047
"""    i need to learn how to play the guitar ! ! !  @user get guitar hero . thats how my baby knw how to use a turntable frm dj hero ""","""    @user bulls vs pacers ""","""   @user okay imma get it forreal and tell u how that work out ! ! ! """,1.1304347826086956
"""    never felt more sad than i am now  @user aww why ?  @user @user its a long story ! sure you wanna know it ? bahaha and thanks for caring btw &lt;heart&gt; ""","""    @user @user ewww no my old vocaloid fanfiction is such garbage lol . i should upload new stuff ""","""   @user i don 't mind to hear it i 've got all day and youre welcome & lt <number> """,1.3478260869565217
"""    @user it has reminded me i have yet to own any merchandise . i may get a mug .  @user a mug would be amazing . or a tea towel . something cheap and tacky . ""","""    @user oh i thought you meant like . a store sold them . l link me ? ""","""   @user what about the fridge lol . """,2.5652173913043477
"""    why oh why do i want to do a musical for script frenzy ? why do i want to torture myself so ?  @user a musical ? ? ? spectacular ! will you be composing the music as well ? ""","""    @user ha ! thx . i watched wes craven 's new nightmare last night on dvd ""","""   @user yes i will be . and since i totally suck at writing music , this will be quite the undertaking for me . """,1.7391304347826086
"""    ice cream will always be my true first love  @user mint chocolate chip ? ""","""    @user i 'm not sure yet . i 'm just a little bit confused . ""","""   @user haha it doesn 't even matter any kind honestly """,2.7391304347826089
"""    sooo , hollister is becoming the new aeropostale incase u didn 't know . thank me later  @user yea , i noticed that lol i dont like either brands that much ""","""    @user yeah. ive always been more of a guess person myself ""","""   @user this dude is braggin on how he be rockin hollister . uhhmm ok u like <number> yrs late lol """,4.2173913043478262
"""    why oh why do i want to do a musical for script frenzy ? why do i want to torture myself so ?  @user a musical ? ? ? spectacular ! will you be composing the music as well ? ""","""    @user love you bbz ""","""   @user yes i will be . and since i totally suck at writing music , this will be quite the undertaking for me . """,1.8695652173913044
"""    sooo , hollister is becoming the new aeropostale incase u didn 't know . thank me later  @user yea , i noticed that lol i dont like either brands that much ""","""    @user lol i know . i 'm just saying . ""","""   @user this dude is braggin on how he be rockin hollister . uhhmm ok u like <number> yrs late lol """,4.3043478260869561
"""    my headphones are broke ! n i 'm damn near tears . does anybody know if the sell skull candy 's downtown ?  @user radioshack sells them so maybe they got them there ""","""    @user everybody 's heard about the word ""","""   @user yeah i need to go to the mall . i need a new jacket ! """,1.5652173913043479
"""    i need to learn how to play the guitar ! ! !  @user get guitar hero . thats how my baby knw how to use a turntable frm dj hero ""","""    @user get taught how to play the guitar easily with this &lt;url&gt; make karma and retweet ""","""   @user okay imma get it forreal and tell u how that work out ! ! ! """,3.4782608695652173
"""    my big sis is in the clear after horrendous year of chemo and radio . itdoesntgetmuchbetterthanthis !  @user so pleased for you and her . have a great time at pqotd ! ""","""    @user great show yesterday . judge karen rocks . i didn 't know her show was real , i thought they were all actors . lol ""","""   @user thank you gandalf . hope you are feeling lively and bouncy again """,1.3913043478260869
"""    haven 't used my ipod touch in so long i cant even remember my password  @user at least your ipod works ! ! ! ! ! did u watch bigtimebeachparty ""","""    @user yeah. i'm pretty shocked i haven't lost or smashed it or something. and no - not yet! is it any good? ""","""   @user good point , but at least yours didn 't fall down the toilet then smashed the screen ! ! ahaa , yeah , twice ! """,4.8695652173913047
"""    sooo , hollister is becoming the new aeropostale incase u didn 't know . thank me later  @user yea , i noticed that lol i dont like either brands that much ""","""    @user are you going anywhere nice ? ""","""   @user this dude is braggin on how he be rockin hollister . uhhmm ok u like <number> yrs late lol """,1.8695652173913044
"""    my big sis is in the clear after horrendous year of chemo and radio . itdoesntgetmuchbetterthanthis !  @user so pleased for you and her . have a great time at pqotd ! ""","""    @user how are you ? ""","""   @user thank you gandalf . hope you are feeling lively and bouncy again """,2.7826086956521738
"""    my girlfriend 's dad grills like a boss grillmaster  @user one time , brad and my dad decided to make a huge fire while grilling . just ask @user ""","""    @user wow . i love your new outfits and you are awesome ""","""   @user don 't know if i believe it . this guy knows what he 's doing . """,1.4782608695652173
"""    i need to learn how to play the guitar ! ! !  @user get guitar hero . thats how my baby knw how to use a turntable frm dj hero ""","""    @user they mailed the free iphone i signed up &lt;number&gt; days ago &lt;url&gt; ""","""   @user okay imma get it forreal and tell u how that work out ! ! ! """,1.1304347826086956
"""    have you ever met mariah in person or dreamed that you did ? ? lym ! ! ! mariahmoments @user lambily  @user i dreamt that i met @user on a mall and she invited me to her concert and gave me a hug lol . ""","""    @user @user i 'm sorry ! ! ! ! ! ! ! ! ! ! ! ! ! ! ! ! ! ! ! ! ! ! ! ! ! ! ! ! ! ! ! ! ! ! ! ! ! ! ! ! ! ! ! ! ! ! ! ! ! ! ! ! ! ! ! ! ! ! ! ! ! ! ! ! ! ! ! ! ! ! ! ! ! ! ! ! ! ! ! ! ! ! ! ! ! ! ! ! ! ! ! ! ! ! ""","""   @user @user aaaww , that 's so sweet ! i 've had more dreams than i can count about meeting her - in v . i . p , at parties chatting away """,1.2608695652173914
"""    sooo , hollister is becoming the new aeropostale incase u didn 't know . thank me later  @user yea , i noticed that lol i dont like either brands that much ""","""    @user nawww voldemorts sooo cute at the end with his little smile ""","""   @user this dude is braggin on how he be rockin hollister . uhhmm ok u like <number> yrs late lol """,1.0869565217391304
"""    hope i didnt have any work to do over the break cuz i didnt pack anything that relates to school ! !  man @user hates school but is in college lol ""","""    @user wtv. @user is at a shitty state school anyways. ""","""   @user lol . im tryna make a living ! ! ! """,4.4782608695652177
"""    @user do we have italian tomorrow ?  @user i do . who do you have for italian ? ""","""    @user i 'm from &lt;unk&gt; . ""","""   @user arent you in my class anymore ? """,1.6956521739130435
"""    haven 't used my ipod touch in so long i cant even remember my password  @user at least your ipod works ! ! ! ! ! did u watch bigtimebeachparty ""","""    @user i 'm not sure . i just got back from the &lt;unk&gt; . i 'm not sure if i can get it on itunes or something . ""","""   @user good point , but at least yours didn 't fall down the toilet then smashed the screen ! ! ahaa , yeah , twice ! """,3.652173913043478
"""    @user are you getting a @user t - shirt ? xx  @user yes i am you ? x  @user nicee , yeah i think so d xx  @user ahh thats cool , what colour ? ""","""    @user &lt;unk&gt; , &lt;unk&gt; , &lt;unk&gt; , &lt;unk&gt; , &lt;unk&gt; , &lt;unk&gt; , &lt;unk&gt; , &lt;unk&gt; , &lt;unk&gt; , &lt;unk&gt; , &lt;unk&gt; , &lt;unk&gt; , &lt;unk&gt; , &lt;unk&gt; , &lt;unk&gt; , &lt;unk&gt; ""","""   @user not sure yet , and you ? x """,1.3913043478260869
"""    @user thanks , u really my best friend on twitter  @user sent you a dm , ok ?  @user u sent my dm ? sent what ? ""","""    @user i 'm not sure . i 'm just trying to figure out what i 'm doing . ""","""   @user it 's nothing weird , just wanted to let you know something in your dm 's . ok ? """,3.1304347826086958
"""    why oh why do i want to do a musical for script frenzy ? why do i want to torture myself so ?  @user a musical ? ? ? spectacular ! will you be composing the music as well ? ""","""    @user why r u in da house foo ""","""   @user yes i will be . and since i totally suck at writing music , this will be quite the undertaking for me . """,1.7391304347826086
"""    my headphones are broke ! n i 'm damn near tears . does anybody know if the sell skull candy 's downtown ?  @user radioshack sells them so maybe they got them there ""","""    @user right . let her sleep on it . there may be underlyinf reasons like someone in her class she doesn 't like . ""","""   @user yeah i need to go to the mall . i need a new jacket ! """,1.173913043478261
"""    my big sis is in the clear after horrendous year of chemo and radio . itdoesntgetmuchbetterthanthis !  @user so pleased for you and her . have a great time at pqotd ! ""","""    doesn 't it have the opposite effect ? ? rt @user @user botox ? ""","""   @user thank you gandalf . hope you are feeling lively and bouncy again """,1.4782608695652173
"""    @user do we have italian tomorrow ?  @user i do . who do you have for italian ? ""","""    @user transcend &lt;number&gt; gb class &lt;number&gt; will do the job ? ""","""   @user arent you in my class anymore ? """,1.5217391304347827
"""    dear children ac dc , aerosmith and van halen were popular before guitar hero . please go away . love , ruffus .  @user guitar hero kinda ruined the classic rock metal thing for me . \ i was raised on stuff like that . ""","""    @user i 'm a country . ""","""   @user @user meh , i don 't let stuff ruin things for me . eloquent maybe it 's relevant that i have <number> gh games . & gt _ & gt """,1.6086956521739131
"""    hope i didnt have any work to do over the break cuz i didnt pack anything that relates to school ! !  man @user hates school but is in college lol ""","""    @user i 'd phone in sick d ""","""   @user lol . im tryna make a living ! ! ! """,2.4347826086956523
"""    ice cream will always be my true first love  @user mint chocolate chip ? ""","""    @user ewwww , i hate mint chocolate ""","""   @user haha it doesn 't even matter any kind honestly """,5.0
"""    my headphones are broke ! n i 'm damn near tears . does anybody know if the sell skull candy 's downtown ?  @user radioshack sells them so maybe they got them there ""","""    @user i 'm not sure if i can get it . i 'm not sure if i 'm gonna buy it . ""","""   @user yeah i need to go to the mall . i need a new jacket ! """,3.8695652173913042
"""    i need to learn how to play the guitar ! ! !  @user get guitar hero . thats how my baby knw how to use a turntable frm dj hero ""","""    @user lol. pretty sure guitar hero won't cut it. ""","""   @user okay imma get it forreal and tell u how that work out ! ! ! """,4.8260869565217392
"""    never felt more sad than i am now  @user aww why ?  @user @user its a long story ! sure you wanna know it ? bahaha and thanks for caring btw &lt;heart&gt; ""","""    @user why u sadd ? u shouldnt bee ""","""   @user i don 't mind to hear it i 've got all day and youre welcome & lt <number> """,4.2173913043478262
"""    have you ever met mariah in person or dreamed that you did ? ? lym ! ! ! mariahmoments @user lambily  @user i dreamt that i met @user on a mall and she invited me to her concert and gave me a hug lol . ""","""    @user hais not yet ""","""   @user @user aaaww , that 's so sweet ! i 've had more dreams than i can count about meeting her - in v . i . p , at parties chatting away """,2.0434782608695654
"""    hope i didnt have any work to do over the break cuz i didnt pack anything that relates to school ! !  man @user hates school but is in college lol ""","""    @user lol i 'm not even gonna be in the same school ""","""   @user lol . im tryna make a living ! ! ! """,3.0434782608695654
"""    dear hot water heater , forcing me to take a cold shower is only making me want to take you out back for target practice . that is all . fb  @user that sucks ! ""","""    @user i live in winter springs . &lt;number&gt; mins from work ""","""   @user it sure does . on the other hand , makes the showers quick . """,1.7391304347826086
"""    i need to learn how to play the guitar ! ! !  @user get guitar hero . thats how my baby knw how to use a turntable frm dj hero ""","""    @user i 'm not sure if i 'm going to be able to get it . but i 'm not sure if i can get it on itunes or not . ""","""   @user okay imma get it forreal and tell u how that work out ! ! ! """,1.7826086956521738
"""    @user do we have italian tomorrow ?  @user i do . who do you have for italian ? ""","""    @user dude. we're in the same class. ""","""   @user arent you in my class anymore ? """,4.6521739130434785
"""    dear hot water heater , forcing me to take a cold shower is only making me want to take you out back for target practice . that is all . fb  @user that sucks ! ""","""    @user lol its the other way around man . ""","""   @user it sure does . on the other hand , makes the showers quick . """,2.0
"""    why oh why do i want to do a musical for script frenzy ? why do i want to torture myself so ?  @user a musical ? ? ? spectacular ! will you be composing the music as well ? ""","""    @user i 'm not sure . i 'm just a &lt;unk&gt; . ""","""   @user yes i will be . and since i totally suck at writing music , this will be quite the undertaking for me . """,3.3913043478260869
"""    haven 't used my ipod touch in so long i cant even remember my password  @user at least your ipod works ! ! ! ! ! did u watch bigtimebeachparty ""","""    @user i am from from emo and elmo , big bird , oscar , bert and ernie ""","""   @user good point , but at least yours didn 't fall down the toilet then smashed the screen ! ! ahaa , yeah , twice ! """,1.3478260869565217
"""    dearest ! question . how many thousands of people can panaad occupy ?  @user panaad has &lt;number&gt; k seat capacity while rizal has &lt;number&gt; k thats why they choose rizal i think . ""","""    @user mind you , my last tweet was not , strictly speaking , oed . ""","""   now i know about the siting capacity . thanks for the info @user great evening . """,1.5217391304347827
"""    @user thanks , u really my best friend on twitter  @user sent you a dm , ok ?  @user u sent my dm ? sent what ? ""","""    @user you'll see... its a surprise :p ""","""   @user it 's nothing weird , just wanted to let you know something in your dm 's . ok ? """,4.7391304347826084
"""    dear hot water heater , forcing me to take a cold shower is only making me want to take you out back for target practice . that is all . fb  @user that sucks ! ""","""    @user i 'm not sure . i 'm just trying to get the &lt;unk&gt; to sleep . ""","""   @user it sure does . on the other hand , makes the showers quick . """,1.5652173913043479
